, I, want, to , race
VB, 0, 0.0093, 0, 0.00012
TO, 0, 0, 0.99, 0
NN, 0, 0.000054, 0, 0.00057
PPSS, 0.37, 0, 0, 0
