, VB, TO, NN, PPSS
<s>, 0.019, 0.0043, 0.041, 0.067
VB, 0.0038, 0.035, 0.047, 0.0070
TO, 0.83, 0, 0.00047, 0
NN, 0.0040, 0.016, 0.087, 0.0045
PPSS, 0.23, 0.00079, 0.0012, 0.00014

